kcc,spelling,example_words
ក,,អ្នក (nek) | ពួកគេ (puk ke pouk) | អ្នកណា (nek nah na)
កា,,ធ្វើការ (tver ka) | កាហ្វេ (café) | ការងារ (ka ngea)
កុ,,កុហក (kohork khk)
កុំ,,កុំព្យូទ័រ (computer)
កូ,,កូន (kon)
កើ,,កើត (kert)
កៅ,,កៅអី (kav ey)
កំ,,កំពុង (kompong)
ក់,,អាក្រក់ (akk akkrok akrok) | ត្រជាក់ (trojek tjeak) | ម៉ាក់ (mak)
ក្តិ,,មិត្តភក្តិ (mit pheak)
ក្បា,,ក្បាល (kbal)
ក្មេ,,ក្មេង (kmeng)
ក្រ,,អាក្រក់ (akk akkrok akrok) | ក្រហម (krohom)
ក្រោ,,ខាងក្រោយ (khang kroy krouy)
ខ,,មុខ (muk mok) | ខាងមុខ (khang muk mok)
ខា,,ខាងឆ្វេង (khang chveng) | ខាងស្ដាំ (khang sdam) | ខាងមុខ (khang muk mok)
ខឹ,,ខឹង (khg)
ខុ,,ខុស (khos)
ខៀ,,ខៀវ (khiv)
ខេ,,អូខេ (okay)
ខ្ជិ,,ខ្ជិល (kjerl kjel)
ខ្ព,,ខ្ពស់ (kpus)
ខ្លា,,ខ្លាច (klach)
ខ្លាំ,,ខ្លាំង (klang klg)
ខ្លួ,,ខ្លួន (klun)
គា,,គាត់ (kort)
គិ,,គិត (kit)
គុ,,អរគុណ (orkun orkon)
គេ,,ពួកគេ (puk ke pouk)
គ្នា,,ដូចគ្នា (doch knea) | គ្រប់គ្នា (krob knea)
គ្រ,,គ្រប់គ្នា (krob knea)
គ្រា,,គ្រាន់តែ (kroun tae)
គ្រួ,,គ្រួសារ (krursa kursa)
ឃើ,,ឃើញ (kherng khernh)
ឃ្លា,,ឃ្លាន (klean)
ង,,យើង (yg yerng) | ដឹង (dg derng) | ចឹង (jg jhg jerng)
ងា,,ការងារ (ka ngea)
ងឹ,,ងងឹត (ngornget)
ង់,,ចង់ (jg jorng) | រង់ចាំ (rong jam) | បង់ (bong)
ង្គុ,,អង្គុយ (ongkuy)
ង្ឃឹ,,សង្ឃឹម (songkhrim)
ង្សា,,សង្សារ (ss songsa)
ច,,ម៉េច (mx mex mix) | ចង់ (jg jorng) | អាច (ach)
ចា,,ចាស (ja jah) | ចាយ (jay) | ចាស់ (jas)
ចិ,,ចូលចិត្ត (jol jit)
ចឹ,,ចឹង (jg jhg jerng)
ចូ,,ចូលចិត្ត (jol jit) | ចូល (jol)
ចេ,,ចេញ (jenh)
ច់,,សាច់ (sach)
ច្រើ,,ច្រើន (jrern)
ឆ្កួ,,ឆ្កួត (chkut chkout)
ឆ្ងា,,ឆ្ងាញ់ (chganh) | ឆ្ងាយ (chgnay)
ឆ្លើ,,ឆ្លើយ (chlery)
ឆ្វេ,,ខាងឆ្វេង (khang chveng)
ជា,,ត្រជាក់ (trojek tjeak) | ជាមួយ (jeamouy cheamouy jeamuy cheamuy) | ពិតជា (pit jea)
ជិ,,ជិត (jit)
ជី,,ជីតា (jita) | ជីដូន (jidon)
ជួ,,ជួយ (juy)
ជើ,,ជើង (jerng)
ជំ,,ជំរាបសួរ (jomreabsur jumreabsur jumreapsur)
ឈ,,ឈប់ (chob)
ញ,,ទិញ (tenh tinh) | ឃើញ (kherng khernh) | ម្សិលមិញ (msel minh)
ញ់,,ស្រឡាញ់ (sl srolanh) | ឆ្ងាញ់ (chganh)
ដ,,ដប់ (dob dop) | ដល់ (dol)
ដា,,ដាក់ (dak)
ដឹ,,ដឹង (dg derng)
ដូ,,ជីដូន (jidon) | បេះដូង (besdong bsd) | ដូច (doch)
ដើ,,ដើរ (der)
ដេ,,ដេក (dek)
ដែ,,ដែរ (dae)
ណ,,អរគុណ (orkun orkon)
ត,,ស្អាត (sart) | គិត (kit) | ឆ្កួត (chkut chkout)
តា,,ជីតា (jita)
តិ,,តិច (tix tic)
តូ,,តូច (toch tuch) | ម៉ូតូ (moto motor)
ត់,,គាត់ (kort) | រត់ (rut) | អត់ (ot ort)
ត្ត,,ចូលចិត្ត (jol jit) | មិត្តភក្តិ (mit pheak) | មិត្ត (mit)
ត្រ,,ត្រជាក់ (trojek tjeak) | ត្រឡប់ (trolob)
ត្រូ,,ត្រូវ (trov trv)
ថោ,,ថោក (thoak)
ទ,,បាទ (bart bat) | បិទ (bit) | ទទួល (ttul tutul)
ទា,,ទាប (teab teap)
ទាំ,,ទាំងអស់ (tang os teang)
ទិ,,ទិញ (tenh tinh)
ទី,,នាទី (neati)
ទឹ,,ទឹក (terk)
ទូ,,ទូរស័ព្ទ (tusab turasab)
ទួ,,ទទួល (ttul tutul)
ទៀ,,ទៀត (tt teat)
ទោ,,សុំទោស (somtos sumtos)
ទ័,,កុំព្យូទ័រ (computer)
ទ្វា,,ទ្វារ (tvea)
ធ្ង,,ធ្ងន់ (tgnun tgun)
ធ្លា,,ធ្លាក់ (tlek tleak)
ន,,ប៉ុន្មាន (punman) | មាន (mean) | រៀន (rean)
នា,,នាង (neang) | នាទី (neati)
និ,,និយាយ (niyey)
នឹ,,នឹង (ng nerng)
នុ,,មនុស្ស (mnus monus)
នឿ,,នឿយ (nery)
នំ,,នំបុ័ង (nompang)
ន់,,ពាន់ (porn poun) | គ្រាន់តែ (kroun tae) | ធ្ងន់ (tgnun tgun)
ន្តិ,,បន្តិច (bontech buntich)
ន្តែ,,ប៉ុន្តែ (puntae)
ន្ធ,,ប្រពន្ធ (ppun pp)
ន្មា,,ប៉ុន្មាន (punman)
ន្លែ,,បន្លែ (bonlae)
ប,,ជំរាបសួរ (jomreabsur jumreabsur jumreapsur) | បង (bong) | បន្លែ (bonlae)
បា,,បាទ (bart bat) | បាយ (bay) | បាន (ban)
បិ,,បិទ (bit)
បុ័,,នំបុ័ង (nompang)
បួ,,បួន (boun)
បើ,,បើក (berk)
បេះ,,បេះដូង (besdong bsd)
បៃ,,បៃតង (beitorng)
ប៉ុ,,ប៉ុន្មាន (punman) | ប៉ុន្តែ (puntae)
ប់,,ស្តាប់ (sdap) | យប់ (yub) | ដប់ (dob dop)
ប្បា,,សប្បាយ (sabay sby)
ប្រ,,ប្រពន្ធ (ppun pp) | ប្រទេស (protes ptes) | ប្រហែល (prohel brohel)
ប្អូ,,"ប្អូន (p""o)"
ផឹ,,ផឹក (pherk)
ផ្លូ,,ផ្លូវ (plov)
ផ្សា,,ផ្សារ (psar phsar)
ព,,ប្រពន្ធ (ppun pp) | រូបភាព (rub pheap)
ពា,,ពាន់ (porn poun)
ពិ,,ពិបាក (pibak) | ពិត (pit) | ពិតជា (pit jea)
ពី,,ពីរ (pi)
ពុ,,កំពុង (kompong)
ពួ,,ពួកគេ (puk ke pouk)
ពេ,,ពេលណា (pel na bel) | ពេល (pel)
ព្ទ,,ទូរស័ព្ទ (tusab turasab)
ព្យូ,,កុំព្យូទ័រ (computer)
ព្រឹ,,ព្រឹក (prerk)
ភ,,មិត្តភក្តិ (mit pheak)
ភា,,រូបភាព (rub pheap) | ភាសា (pheasa)
ភៅ,,សៀវភៅ (seav phov siv)
ភ្នែ,,ភ្នែក (pnek)
ភ្លា,,ភ្លាម (pleam)
ភ្លើ,,ភ្លើង (plerng)
ភ្លេ,,ភ្លេច (plex plech)
ម,,មក (mk mor mok) | មនុស្ស (mnus monus) | ក្រហម (krohom)
មា,,មាន (mean)
មិ,,ម្សិលមិញ (msel minh) | មិត្តភក្តិ (mit pheak) | មិត្ត (mit)
មុ,,មុខ (muk mok) | ខាងមុខ (khang muk mok)
មួ,,មួយ (muy mouy) | ជាមួយ (jeamouy cheamouy jeamuy cheamuy) | មួយមួយ (mouy muy)
មើ,,មើល (merl mer)
មែ,,មែន (men)
ម៉ា,,ម៉ាក់ (mak)
ម៉ូ,,ម៉ូតូ (moto motor)
ម៉េ,,ម៉េច (mx mex mix)
ម៉ោ,,ម៉ោង (morng mg)
ម្ដ,,ម្ដង (mdg mdong)
ម្នា,,ម្នាក់ (mnek)
ម្រា,,សម្រាប់ (somrab somrap)
ម្រៀ,,ចម្រៀង (jomreang)
ម្សិ,,ម្សិលមិញ (msel minh)
ម្ហូ,,ម្ហូប (mhub)
យ,,លាហើយ (lea hz hx hy) | និយាយ (niyey) | យល់ (yol)
យា,,និយាយ (niyey)
យើ,,យើង (yg yerng)
រ,,ជំរាបសួរ (jomreabsur jumreabsur jumreapsur) | អរគុណ (orkun orkon) | ដើរ (der)
រា,,ជំរាបសួរ (jomreabsur jumreabsur jumreapsur)
រូ,,រូបភាព (rub pheap)
រួ,,រួច (rouch)
រៀ,,រៀន (rean)
រ្យ,,អស្ចារ្យ (osja orsja)
ល,,ពេលណា (pel na bel) | មើល (merl mer) | ចូលចិត្ត (jol jit)
លា,,លាហើយ (lea hz hx hy) | សាលា (sala sla)
លុ,,លុយ (luy)
លឿ,,លឿង (lerng)
លេ,,លេង (lg leng)
លោ,,លោក (lok)
ល់,,យល់ (yol) | ស្គាល់ (skol) | ដល់ (dol)
ល្ងា,,ល្ងាច (lgeach)
វ,,ឥឡូវ (eylov eilov) | ត្រូវ (trov trv) | សៀវភៅ (seav phov siv)
វែ,,វែង (veng)
សា,,គ្រួសារ (krursa kursa) | សាលា (sala sla) | សាច់ (sach)
សួ,,សួស្តី (sursdey sursdei) | ជំរាបសួរ (jomreabsur jumreabsur jumreapsur) | សួរ (sur)
សើ,,សើច (serj serch)
សៀ,,សៀវភៅ (seav phov siv)
សេ,,សរសេរ (sorsey)
ស់,,អស់ (ors os) | ណាស់ (nas) | ទាំងអស់ (tang os teang)
ស័,,ទូរស័ព្ទ (tusab turasab)
ស្គា,,ស្គាល់ (skol)
ស្ចា,,អស្ចារ្យ (osja orsja)
ស្ដា,,ស្ដាយ (sday)
ស្ដាំ,,ខាងស្ដាំ (khang sdam)
ស្តា,,ស្តាប់ (sdap)
ស្តី,,សួស្តី (sursdey sursdei)
ស្រ,,ស្រឡាញ់ (sl srolanh)
ស្រួ,,ស្រួល (srul)
ស្រេ,,ស្រេក (srek)
ស្លា,,ស្លាប់ (slab slap)
ស្ស,,មនុស្ស (mnus monus)
ស្អ,,ស្អប់ (s'oab soab)
ស្អា,,ស្អាត (sart)
ស្អុ,,ស្អុយ (sgnuy s'uy)
ស្អែ,,ស្អែក (saek s'aek)
ហ,,ក្រហម (krohom) | កុហក (kohork khk)
ហា,,ហាង (hang)
ហើ,,លាហើយ (lea hz hx hy) | ហើយ (hz hx hy)
ហេ,,ហេតុអ្វី (het ey heth avey)
ហែ,,ប្រហែល (prohel brohel)
ហ្គេ,,ហ្គេម (game)
ហ្វេ,,កាហ្វេ (café)
ឡ,,ត្រឡប់ (trolob)
ឡា,,ស្រឡាញ់ (sl srolanh) | ឡាន (lan)
ឡូ,,ឥឡូវ (eylov eilov)
ឡើ,,ឡើង (lerng)
អ,,អរគុណ (orkun orkon) | អស់ (ors os) | អង្គុយ (ongkuy)
អា,,អាច (ach) | អាក្រក់ (akk akkrok akrok) | អាវ (av)
អូ,,អូខេ (okay)
អ្ន,,អ្នក (nek) | អ្នកណា (nek nah na)
ឥ,,ឥឡូវ (eylov eilov)
ឯ,,ឯណា (aena)
